,fecha,provincia,tot_casosconf,penetracion_casos
0,2020-03-02,CABA,1,0
1,2020-03-09,CABA,11,0
2,2020-03-10,CABA,21,0
3,2020-03-11,CABA,23,0
4,2020-03-12,CABA,33,0
5,2020-03-13,CABA,36,0
6,2020-03-14,CABA,47,0
7,2020-03-15,CABA,54,0
8,2020-03-16,CABA,65,0
9,2020-03-17,CABA,74,0
10,2020-03-18,CABA,92,0
11,2020-03-19,CABA,123,0
12,2020-03-20,CABA,140,0
13,2020-03-21,CABA,189,0
14,2020-03-22,CABA,238,0
15,2020-03-23,CABA,277,0
16,2020-03-24,CABA,332,0
17,2020-03-25,CABA,438,0
18,2020-03-26,CABA,534,1
19,2020-03-27,CABA,617,1
20,2020-03-28,CABA,718,1
21,2020-03-29,CABA,775,1
22,2020-03-30,CABA,891,1
23,2020-03-31,CABA,1003,1
24,2020-04-01,CABA,1075,1
25,2020-04-02,CABA,1194,1
26,2020-04-03,CABA,1316,1
27,2020-04-04,CABA,1414,1
28,2020-04-05,CABA,1517,2
29,2020-04-06,CABA,1584,2
30,2020-04-07,CABA,1686,2
31,2020-04-08,CABA,1751,2
32,2020-04-09,CABA,1847,2
33,2020-04-10,CABA,1924,2
34,2020-04-11,CABA,2058,2
35,2020-04-12,CABA,2178,2
36,2020-04-13,CABA,2248,2
37,2020-04-14,CABA,2366,2
38,2020-04-15,CABA,2535,3
39,2020-04-16,CABA,2616,3
40,2020-04-17,CABA,2718,3
41,2020-04-18,CABA,2804,3
42,2020-04-19,CABA,2903,3
43,2020-04-20,CABA,3005,3
44,2020-04-21,CABA,3125,3
45,2020-04-22,CABA,3244,3
46,2020-04-23,CABA,3408,3
47,2020-04-24,CABA,3574,4
48,2020-04-25,CABA,3756,4
49,2020-04-26,CABA,3873,4
50,2020-04-27,CABA,3974,4
51,2020-04-28,CABA,4101,4
52,2020-04-29,CABA,4264,4
53,2020-04-30,CABA,4396,4
54,2020-05-01,CABA,4490,4
55,2020-05-02,CABA,4589,5
56,2020-05-03,CABA,4728,5
57,2020-05-04,CABA,4863,5
58,2020-05-05,CABA,5001,5
59,2020-05-06,CABA,5185,5
60,2020-05-07,CABA,5335,5
61,2020-05-08,CABA,5578,6
62,2020-05-09,CABA,5754,6
63,2020-05-10,CABA,5992,6
64,2020-05-11,CABA,6215,6
65,2020-05-12,CABA,6546,7
66,2020-05-13,CABA,6838,7
67,2020-05-14,CABA,7110,7
68,2020-05-15,CABA,7434,7
69,2020-05-16,CABA,7768,8
70,2020-05-17,CABA,8026,8
71,2020-05-18,CABA,8330,8
72,2020-05-19,CABA,8752,9
73,2020-05-20,CABA,9244,9
74,2020-05-21,CABA,9877,10
75,2020-05-22,CABA,10600,11
76,2020-05-23,CABA,11337,11
77,2020-05-24,CABA,12042,12
78,2020-05-25,CABA,12609,13
79,2020-05-26,CABA,13190,13
80,2020-05-27,CABA,13902,14
81,2020-05-28,CABA,14656,15
82,2020-05-29,CABA,15375,15
83,2020-05-30,CABA,16174,16
84,2020-05-31,CABA,16826,17
85,2020-06-01,CABA,17377,17
86,2020-06-02,CABA,18274,18
87,2020-06-03,CABA,19228,19
88,2020-06-04,CABA,20127,20
89,2020-06-05,CABA,20988,21
90,2020-06-06,CABA,21972,22
91,2020-06-07,CABA,22754,23
92,2020-06-08,CABA,23559,24
93,2020-06-09,CABA,24701,25
94,2020-06-10,CABA,25907,26
95,2020-06-11,CABA,27282,27
96,2020-06-12,CABA,28683,29
97,2020-06-13,CABA,30172,30
98,2020-06-14,CABA,31489,31
99,2020-06-15,CABA,32704,33
100,2020-06-16,CABA,34070,34
101,2020-06-17,CABA,35480,35
102,2020-06-18,CABA,37351,37
103,2020-06-19,CABA,39432,39
104,2020-06-20,CABA,41096,41
105,2020-06-21,CABA,42657,43
106,2020-06-22,CABA,44847,45
107,2020-06-23,CABA,47024,47
108,2020-06-24,CABA,49691,50
109,2020-06-25,CABA,52275,52
110,2020-06-26,CABA,55117,55
111,2020-06-27,CABA,57616,58
112,2020-06-28,CABA,59821,60
113,2020-06-29,CABA,62156,62
114,2020-06-30,CABA,64386,64
115,2020-07-01,CABA,67043,67
116,2020-07-02,CABA,69770,70
117,2020-07-03,CABA,72625,73
118,2020-07-04,CABA,75202,75
119,2020-07-05,CABA,77707,78
120,2020-07-06,CABA,80286,80
121,2020-07-07,CABA,83224,83
122,2020-07-08,CABA,86764,87
123,2020-07-09,CABA,90460,90
124,2020-07-10,CABA,93860,94
125,2020-03-05,Buenos Aires,2,0
126,2020-03-08,Buenos Aires,10,0
127,2020-03-10,Buenos Aires,20,0
128,2020-03-11,Buenos Aires,22,0
129,2020-03-13,Buenos Aires,34,0
130,2020-03-15,Buenos Aires,60,0
131,2020-03-16,Buenos Aires,69,0
132,2020-03-17,Buenos Aires,70,0
133,2020-03-18,Buenos Aires,99,0
134,2020-03-19,Buenos Aires,115,0
135,2020-03-20,Buenos Aires,149,0
136,2020-03-21,Buenos Aires,203,0
137,2020-03-22,Buenos Aires,246,0
138,2020-03-23,Buenos Aires,282,0
139,2020-03-24,Buenos Aires,361,0
140,2020-03-25,Buenos Aires,417,0
141,2020-03-26,Buenos Aires,561,1
142,2020-03-27,Buenos Aires,653,1
143,2020-03-28,Buenos Aires,700,1
144,2020-03-29,Buenos Aires,762,1
145,2020-03-30,Buenos Aires,857,1
146,2020-03-31,Buenos Aires,984,1
147,2020-04-01,Buenos Aires,1065,1
148,2020-04-02,Buenos Aires,1170,1
149,2020-04-03,Buenos Aires,1288,1
150,2020-04-04,Buenos Aires,1380,1
151,2020-04-05,Buenos Aires,1485,1
152,2020-04-06,Buenos Aires,1567,2
153,2020-04-07,Buenos Aires,1662,2
154,2020-04-08,Buenos Aires,1733,2
155,2020-04-09,Buenos Aires,1824,2
156,2020-04-10,Buenos Aires,1913,2
157,2020-04-11,Buenos Aires,2012,2
158,2020-04-12,Buenos Aires,2170,2
159,2020-04-13,Buenos Aires,2238,2
160,2020-04-14,Buenos Aires,2344,2
161,2020-04-15,Buenos Aires,2505,3
162,2020-04-16,Buenos Aires,2601,3
163,2020-04-17,Buenos Aires,2704,3
164,2020-04-18,Buenos Aires,2790,3
165,2020-04-19,Buenos Aires,2888,3
166,2020-04-20,Buenos Aires,2983,3
167,2020-04-21,Buenos Aires,3092,3
168,2020-04-22,Buenos Aires,3205,3
169,2020-04-23,Buenos Aires,3371,3
170,2020-04-24,Buenos Aires,3495,3
171,2020-04-25,Buenos Aires,3701,4
172,2020-04-26,Buenos Aires,3837,4
173,2020-04-27,Buenos Aires,3942,4
174,2020-04-28,Buenos Aires,4051,4
175,2020-04-29,Buenos Aires,4230,4
176,2020-04-30,Buenos Aires,4351,4
177,2020-05-01,Buenos Aires,4461,4
178,2020-05-02,Buenos Aires,4634,5
179,2020-05-03,Buenos Aires,4766,5
180,2020-05-04,Buenos Aires,4820,5
181,2020-05-05,Buenos Aires,4944,5
182,2020-05-06,Buenos Aires,5083,5
183,2020-05-07,Buenos Aires,5258,5
184,2020-05-08,Buenos Aires,5448,5
185,2020-05-09,Buenos Aires,5671,6
186,2020-05-10,Buenos Aires,5827,6
187,2020-05-11,Buenos Aires,6078,6
188,2020-05-12,Buenos Aires,6358,6
189,2020-05-13,Buenos Aires,6659,7
190,2020-05-14,Buenos Aires,6957,7
191,2020-05-15,Buenos Aires,7219,7
192,2020-05-16,Buenos Aires,7575,8
193,2020-05-17,Buenos Aires,7879,8
194,2020-05-18,Buenos Aires,8161,8
195,2020-05-19,Buenos Aires,8528,9
196,2020-05-20,Buenos Aires,8987,9
197,2020-05-21,Buenos Aires,9498,9
198,2020-05-22,Buenos Aires,10196,10
199,2020-05-23,Buenos Aires,10937,11
200,2020-05-24,Buenos Aires,11548,12
201,2020-05-25,Buenos Aires,12234,12
202,2020-05-26,Buenos Aires,12863,13
203,2020-05-27,Buenos Aires,13541,14
204,2020-05-28,Buenos Aires,14231,14
205,2020-05-29,Buenos Aires,14974,15
206,2020-05-30,Buenos Aires,15715,16
207,2020-05-31,Buenos Aires,16468,16
208,2020-06-01,Buenos Aires,17103,17
209,2020-06-02,Buenos Aires,17903,18
210,2020-06-03,Buenos Aires,18761,19
211,2020-06-04,Buenos Aires,19690,20
212,2020-06-05,Buenos Aires,20568,21
213,2020-06-06,Buenos Aires,21495,21
214,2020-06-07,Buenos Aires,22395,22
215,2020-06-08,Buenos Aires,23139,23
216,2020-06-09,Buenos Aires,24166,24
217,2020-06-10,Buenos Aires,25385,25
218,2020-06-11,Buenos Aires,26744,27
219,2020-06-12,Buenos Aires,28118,28
220,2020-06-13,Buenos Aires,29614,30
221,2020-06-14,Buenos Aires,30931,31
222,2020-06-15,Buenos Aires,32129,32
223,2020-06-16,Buenos Aires,33582,34
224,2020-06-17,Buenos Aires,34958,35
225,2020-06-18,Buenos Aires,36659,37
226,2020-06-19,Buenos Aires,38628,39
227,2020-06-20,Buenos Aires,40584,41
228,2020-06-21,Buenos Aires,41950,42
229,2020-06-22,Buenos Aires,43822,44
230,2020-06-23,Buenos Aires,46265,46
231,2020-06-24,Buenos Aires,48679,49
232,2020-06-25,Buenos Aires,51333,51
233,2020-06-26,Buenos Aires,54149,54
234,2020-06-27,Buenos Aires,56767,57
235,2020-06-28,Buenos Aires,58969,59
236,2020-06-29,Buenos Aires,61212,61
237,2020-06-30,Buenos Aires,63642,64
238,2020-07-01,Buenos Aires,66202,66
239,2020-07-02,Buenos Aires,68930,69
240,2020-07-03,Buenos Aires,71790,72
241,2020-07-04,Buenos Aires,74302,74
242,2020-07-05,Buenos Aires,76940,77
243,2020-07-06,Buenos Aires,79291,79
244,2020-07-07,Buenos Aires,82199,82
245,2020-07-08,Buenos Aires,85648,86
246,2020-07-09,Buenos Aires,89402,89
247,2020-07-10,Buenos Aires,92811,93
248,2020-03-09,San Luis,13,0
249,2020-03-25,San Luis,474,0
250,2020-03-26,San Luis,590,1
251,2020-04-01,San Luis,1112,1
252,2020-04-02,San Luis,1227,1
253,2020-04-03,San Luis,1345,1
254,2020-04-06,San Luis,1608,2
255,2020-07-04,San Luis,75366,75
256,2020-07-05,San Luis,77809,78
257,2020-07-06,San Luis,80437,80
258,2020-07-07,San Luis,83416,83
259,2020-07-08,San Luis,87007,87
260,2020-07-09,San Luis,90673,91
261,2020-07-10,San Luis,94048,94
262,2020-03-09,Chaco,18,0
263,2020-03-15,Chaco,58,0
264,2020-03-16,Chaco,68,0
265,2020-03-17,Chaco,77,0
266,2020-03-18,Chaco,93,0
267,2020-03-19,Chaco,127,0
268,2020-03-20,Chaco,154,0
269,2020-03-21,Chaco,208,0
270,2020-03-22,Chaco,261,0
271,2020-03-23,Chaco,303,0
272,2020-03-24,Chaco,370,0
273,2020-03-25,Chaco,465,0
274,2020-03-26,Chaco,576,1
275,2020-03-27,Chaco,656,1
276,2020-03-28,Chaco,736,1
277,2020-03-29,Chaco,779,1
278,2020-03-30,Chaco,903,1
279,2020-03-31,Chaco,1006,1
280,2020-04-01,Chaco,1087,1
281,2020-04-02,Chaco,1197,1
282,2020-04-03,Chaco,1324,1
283,2020-04-04,Chaco,1422,1
284,2020-04-06,Chaco,1588,2
285,2020-04-07,Chaco,1690,2
286,2020-04-08,Chaco,1766,2
287,2020-04-09,Chaco,1880,2
288,2020-04-10,Chaco,1929,2
289,2020-04-12,Chaco,2179,2
290,2020-04-13,Chaco,2251,2
291,2020-04-14,Chaco,2397,2
292,2020-04-15,Chaco,2542,3
293,2020-04-16,Chaco,2627,3
294,2020-04-17,Chaco,2740,3
295,2020-04-18,Chaco,2828,3
296,2020-04-19,Chaco,2908,3
297,2020-04-20,Chaco,3010,3
298,2020-04-21,Chaco,3130,3
299,2020-04-22,Chaco,3251,3
300,2020-04-23,Chaco,3418,3
301,2020-04-24,Chaco,3581,4
302,2020-04-25,Chaco,3763,4
303,2020-04-26,Chaco,3876,4
304,2020-04-27,Chaco,3984,4
305,2020-04-29,Chaco,4268,4
306,2020-04-30,Chaco,4399,4
307,2020-05-01,Chaco,4502,5
308,2020-05-02,Chaco,4669,5
309,2020-05-03,Chaco,4772,5
310,2020-05-04,Chaco,4868,5
311,2020-05-05,Chaco,5012,5
312,2020-05-06,Chaco,5193,5
313,2020-05-07,Chaco,5361,5
314,2020-05-08,Chaco,5604,6
315,2020-05-09,Chaco,5763,6
316,2020-05-10,Chaco,6024,6
317,2020-05-11,Chaco,6232,6
318,2020-05-12,Chaco,6556,7
319,2020-05-13,Chaco,6856,7
320,2020-05-14,Chaco,7119,7
321,2020-05-15,Chaco,7459,7
322,2020-05-16,Chaco,7789,8
323,2020-05-17,Chaco,8045,8
324,2020-05-18,Chaco,8343,8
325,2020-05-19,Chaco,8786,9
326,2020-05-20,Chaco,9279,9
327,2020-05-21,Chaco,9911,10
328,2020-05-22,Chaco,10627,11
329,2020-05-23,Chaco,11344,11
330,2020-05-24,Chaco,12062,12
331,2020-05-25,Chaco,12618,13
332,2020-05-26,Chaco,13213,13
333,2020-05-27,Chaco,13918,14
334,2020-05-28,Chaco,14684,15
335,2020-05-29,Chaco,15401,15
336,2020-05-30,Chaco,16198,16
337,2020-05-31,Chaco,16839,17
338,2020-06-01,Chaco,17380,17
339,2020-06-02,Chaco,18304,18
340,2020-06-03,Chaco,19234,19
341,2020-06-04,Chaco,20180,20
342,2020-06-05,Chaco,21017,21
343,2020-06-06,Chaco,21991,22
344,2020-06-07,Chaco,22772,23
345,2020-06-08,Chaco,23604,24
346,2020-06-09,Chaco,24729,25
347,2020-06-10,Chaco,25952,26
348,2020-06-11,Chaco,27330,27
349,2020-06-12,Chaco,28722,29
350,2020-06-13,Chaco,30221,30
351,2020-06-14,Chaco,31516,32
352,2020-06-15,Chaco,32742,33
353,2020-06-16,Chaco,34093,34
354,2020-06-17,Chaco,35500,36
355,2020-06-18,Chaco,37419,37
356,2020-06-19,Chaco,39463,39
357,2020-06-20,Chaco,41120,41
358,2020-06-21,Chaco,42709,43
359,2020-06-22,Chaco,44867,45
360,2020-06-23,Chaco,47079,47
361,2020-06-24,Chaco,49728,50
362,2020-06-25,Chaco,52336,52
363,2020-06-26,Chaco,55193,55
364,2020-06-27,Chaco,57668,58
365,2020-06-28,Chaco,59868,60
366,2020-06-29,Chaco,62187,62
367,2020-06-30,Chaco,64456,64
368,2020-07-01,Chaco,67103,67
369,2020-07-02,Chaco,69851,70
370,2020-07-03,Chaco,72663,73
371,2020-07-04,Chaco,75260,75
372,2020-07-05,Chaco,77754,78
373,2020-07-06,Chaco,80313,80
374,2020-07-07,Chaco,83246,83
375,2020-07-08,Chaco,86844,87
376,2020-07-09,Chaco,90500,90
377,2020-07-10,Chaco,93910,94
378,2020-03-09,Río Negro,19,0
379,2020-03-17,Río Negro,80,0
380,2020-03-19,Río Negro,131,0
381,2020-03-21,Río Negro,227,0
382,2020-03-27,Río Negro,687,1
383,2020-03-31,Río Negro,1025,1
384,2020-04-03,Río Negro,1344,1
385,2020-04-04,Río Negro,1436,1
386,2020-04-05,Río Negro,1540,2
387,2020-04-06,Río Negro,1607,2
388,2020-04-07,Río Negro,1702,2
389,2020-04-08,Río Negro,1792,2
390,2020-04-09,Río Negro,1860,2
391,2020-04-10,Río Negro,1966,2
392,2020-04-11,Río Negro,2123,2
393,2020-04-12,Río Negro,2202,2
394,2020-04-13,Río Negro,2272,2
395,2020-04-14,Río Negro,2433,2
396,2020-04-15,Río Negro,2566,3
397,2020-04-16,Río Negro,2660,3
398,2020-04-17,Río Negro,2751,3
399,2020-04-18,Río Negro,2837,3
400,2020-04-19,Río Negro,2937,3
401,2020-04-20,Río Negro,3027,3
402,2020-04-21,Río Negro,3142,3
403,2020-04-22,Río Negro,3279,3
404,2020-04-23,Río Negro,3427,3
405,2020-04-24,Río Negro,3602,4
406,2020-04-25,Río Negro,3772,4
407,2020-04-26,Río Negro,3886,4
408,2020-04-27,Río Negro,3997,4
409,2020-04-28,Río Negro,4119,4
410,2020-04-29,Río Negro,4285,4
411,2020-04-30,Río Negro,4422,4
412,2020-05-01,Río Negro,4530,5
413,2020-05-02,Río Negro,4675,5
414,2020-05-03,Río Negro,4778,5
415,2020-05-04,Río Negro,4883,5
416,2020-05-05,Río Negro,5017,5
417,2020-05-06,Río Negro,5208,5
418,2020-05-07,Río Negro,5370,5
419,2020-05-08,Río Negro,5611,6
420,2020-05-09,Río Negro,5775,6
421,2020-05-10,Río Negro,6031,6
422,2020-05-11,Río Negro,6277,6
423,2020-05-12,Río Negro,6562,7
424,2020-05-13,Río Negro,6878,7
425,2020-05-14,Río Negro,7133,7
426,2020-05-15,Río Negro,7478,7
427,2020-05-16,Río Negro,7804,8
428,2020-05-17,Río Negro,8068,8
429,2020-05-18,Río Negro,8366,8
430,2020-05-19,Río Negro,8803,9
431,2020-05-20,Río Negro,9283,9
432,2020-05-21,Río Negro,9926,10
433,2020-05-22,Río Negro,10642,11
434,2020-05-23,Río Negro,11349,11
435,2020-05-24,Río Negro,12074,12
436,2020-05-25,Río Negro,12626,13
437,2020-05-26,Río Negro,13225,13
438,2020-05-27,Río Negro,13930,14
439,2020-05-28,Río Negro,14701,15
440,2020-05-29,Río Negro,15419,15
441,2020-05-30,Río Negro,16210,16
442,2020-05-31,Río Negro,16850,17
443,2020-06-01,Río Negro,17408,17
444,2020-06-02,Río Negro,18315,18
445,2020-06-03,Río Negro,19265,19
446,2020-06-04,Río Negro,20192,20
447,2020-06-05,Río Negro,21036,21
448,2020-06-06,Río Negro,22018,22
449,2020-06-07,Río Negro,22793,23
450,2020-06-08,Río Negro,23620,24
451,2020-06-09,Río Negro,24760,25
452,2020-06-10,Río Negro,25983,26
453,2020-06-11,Río Negro,27372,27
454,2020-06-12,Río Negro,28764,29
455,2020-06-13,Río Negro,30291,30
456,2020-06-14,Río Negro,31570,32
457,2020-06-15,Río Negro,32785,33
458,2020-06-16,Río Negro,34156,34
459,2020-06-17,Río Negro,35548,36
460,2020-06-18,Río Negro,37498,37
461,2020-06-19,Río Negro,39559,40
462,2020-06-20,Río Negro,41198,41
463,2020-06-21,Río Negro,42768,43
464,2020-06-22,Río Negro,44923,45
465,2020-06-23,Río Negro,47187,47
466,2020-06-24,Río Negro,49834,50
467,2020-06-25,Río Negro,52435,52
468,2020-06-26,Río Negro,55330,55
469,2020-06-27,Río Negro,57736,58
470,2020-06-28,Río Negro,59926,60
471,2020-06-29,Río Negro,62261,62
472,2020-06-30,Río Negro,64528,65
473,2020-07-01,Río Negro,67186,67
474,2020-07-02,Río Negro,69939,70
475,2020-07-03,Río Negro,72771,73
476,2020-07-04,Río Negro,75349,75
477,2020-07-05,Río Negro,77807,78
478,2020-07-06,Río Negro,80434,80
479,2020-07-07,Río Negro,83408,83
480,2020-07-08,Río Negro,87001,87
481,2020-07-09,Río Negro,90664,91
482,2020-07-10,Río Negro,94046,94
483,2020-03-14,Santa Fe,48,0
484,2020-03-19,Santa Fe,129,0
485,2020-03-21,Santa Fe,224,0
486,2020-03-21,Santa Fe,225,0
487,2020-03-23,Santa Fe,283,0
488,2020-03-23,Santa Fe,284,0
489,2020-03-23,Santa Fe,293,0
490,2020-03-23,Santa Fe,296,0
491,2020-03-24,Santa Fe,382,0
492,2020-03-24,Santa Fe,383,0
493,2020-03-24,Santa Fe,384,0
494,2020-03-25,Santa Fe,504,1
495,2020-03-26,Santa Fe,573,1
496,2020-03-27,Santa Fe,673,1
497,2020-03-27,Santa Fe,674,1
498,2020-03-27,Santa Fe,675,1
499,2020-03-27,Santa Fe,676,1
500,2020-03-28,Santa Fe,722,1
501,2020-03-28,Santa Fe,726,1
502,2020-03-28,Santa Fe,729,1
503,2020-03-28,Santa Fe,730,1
504,2020-03-28,Santa Fe,731,1
505,2020-03-29,Santa Fe,786,1
506,2020-03-29,Santa Fe,789,1
507,2020-03-29,Santa Fe,791,1
508,2020-03-29,Santa Fe,792,1
509,2020-03-30,Santa Fe,917,1
510,2020-03-30,Santa Fe,919,1
511,2020-03-30,Santa Fe,921,1
512,2020-03-30,Santa Fe,922,1
513,2020-03-30,Santa Fe,923,1
514,2020-03-30,Santa Fe,924,1
515,2020-03-31,Santa Fe,1032,1
516,2020-03-31,Santa Fe,1036,1
517,2020-03-31,Santa Fe,1039,1
518,2020-03-31,Santa Fe,1041,1
519,2020-03-31,Santa Fe,1043,1
520,2020-03-31,Santa Fe,1044,1
521,2020-03-31,Santa Fe,1045,1
522,2020-03-31,Santa Fe,1046,1
523,2020-03-31,Santa Fe,1047,1
524,2020-04-01,Santa Fe,1127,1
525,2020-04-01,Santa Fe,1128,1
526,2020-04-01,Santa Fe,1129,1
527,2020-04-01,Santa Fe,1130,1
528,2020-04-01,Santa Fe,1131,1
529,2020-04-01,Santa Fe,1132,1
530,2020-04-01,Santa Fe,1133,1
531,2020-04-02,Santa Fe,1233,1
532,2020-04-02,Santa Fe,1235,1
533,2020-04-02,Santa Fe,1236,1
534,2020-04-02,Santa Fe,1237,1
535,2020-04-03,Santa Fe,1352,1
536,2020-04-03,Santa Fe,1353,1
537,2020-04-04,Santa Fe,1440,1
538,2020-04-04,Santa Fe,1441,1
539,2020-04-04,Santa Fe,1442,1
540,2020-04-05,Santa Fe,1546,2
541,2020-04-05,Santa Fe,1549,2
542,2020-04-05,Santa Fe,1550,2
543,2020-04-05,Santa Fe,1551,2
544,2020-04-05,Santa Fe,1552,2
545,2020-04-06,Santa Fe,1611,2
546,2020-04-06,Santa Fe,1614,2
547,2020-04-06,Santa Fe,1616,2
548,2020-04-07,Santa Fe,1711,2
549,2020-04-07,Santa Fe,1712,2
550,2020-04-07,Santa Fe,1713,2
551,2020-04-08,Santa Fe,1793,2
552,2020-04-08,Santa Fe,1794,2
553,2020-04-09,Santa Fe,1862,2
554,2020-04-09,Santa Fe,1864,2
555,2020-04-09,Santa Fe,1865,2
556,2020-04-09,Santa Fe,1866,2
557,2020-04-09,Santa Fe,1867,2
558,2020-04-10,Santa Fe,1973,2
559,2020-04-11,Santa Fe,2130,2
560,2020-04-12,Santa Fe,2205,2
561,2020-04-13,Santa Fe,2273,2
562,2020-04-13,Santa Fe,2274,2
563,2020-04-14,Santa Fe,2434,2
564,2020-04-14,Santa Fe,2435,2
565,2020-04-15,Santa Fe,2567,3
566,2020-04-15,Santa Fe,2568,3
567,2020-04-16,Santa Fe,2663,3
568,2020-04-17,Santa Fe,2757,3
569,2020-04-18,Santa Fe,2838,3
570,2020-04-18,Santa Fe,2839,3
571,2020-04-18,Santa Fe,2840,3
572,2020-04-19,Santa Fe,2937,3
573,2020-04-20,Santa Fe,3030,3
574,2020-04-21,Santa Fe,3143,3
575,2020-04-22,Santa Fe,3282,3
576,2020-04-22,Santa Fe,3283,3
577,2020-04-22,Santa Fe,3284,3
578,2020-04-23,Santa Fe,3429,3
579,2020-04-23,Santa Fe,3430,3
580,2020-04-23,Santa Fe,3431,3
581,2020-04-23,Santa Fe,3432,3
582,2020-04-23,Santa Fe,3433,3
583,2020-04-24,Santa Fe,3604,4
584,2020-04-24,Santa Fe,3605,4
585,2020-04-24,Santa Fe,3606,4
586,2020-04-25,Santa Fe,3774,4
587,2020-04-25,Santa Fe,3775,4
588,2020-04-28,Santa Fe,4120,4
589,2020-05-02,Santa Fe,4531,5
590,2020-05-03,Santa Fe,4679,5
591,2020-05-05,Santa Fe,5018,5
592,2020-05-07,Santa Fe,5371,5
593,2020-05-08,Santa Fe,5611,6
594,2020-05-09,Santa Fe,5775,6
595,2020-05-10,Santa Fe,6031,6
596,2020-05-11,Santa Fe,6277,6
597,2020-05-12,Santa Fe,6563,7
598,2020-05-13,Santa Fe,6878,7
599,2020-05-14,Santa Fe,7133,7
600,2020-05-15,Santa Fe,7478,7
601,2020-05-16,Santa Fe,7805,8
602,2020-05-17,Santa Fe,8068,8
603,2020-05-18,Santa Fe,8371,8
604,2020-05-19,Santa Fe,8803,9
605,2020-05-20,Santa Fe,9285,9
606,2020-05-21,Santa Fe,9929,10
607,2020-05-22,Santa Fe,10648,11
608,2020-05-23,Santa Fe,11349,11
609,2020-05-24,Santa Fe,12075,12
610,2020-05-24,Santa Fe,12076,12
611,2020-05-25,Santa Fe,12625,13
612,2020-05-25,Santa Fe,12625,13
613,2020-05-26,Santa Fe,13226,13
614,2020-05-26,Santa Fe,13226,13
615,2020-05-27,Santa Fe,13931,14
616,2020-05-27,Santa Fe,13931,14
617,2020-05-28,Santa Fe,14701,15
618,2020-05-28,Santa Fe,14701,15
619,2020-05-29,Santa Fe,15419,15
620,2020-05-29,Santa Fe,15419,15
621,2020-05-30,Santa Fe,16212,16
622,2020-05-30,Santa Fe,16213,16
623,2020-05-31,Santa Fe,16851,17
624,2020-06-01,Santa Fe,17415,17
625,2020-06-02,Santa Fe,18319,18
626,2020-06-03,Santa Fe,19268,19
627,2020-06-04,Santa Fe,20196,20
628,2020-06-04,Santa Fe,20197,20
629,2020-06-05,Santa Fe,21037,21
630,2020-06-06,Santa Fe,22020,22
631,2020-06-07,Santa Fe,22794,23
632,2020-06-08,Santa Fe,23621,24
633,2020-06-09,Santa Fe,24762,25
634,2020-06-09,Santa Fe,24763,25
635,2020-06-10,Santa Fe,25986,26
636,2020-06-10,Santa Fe,25987,26
637,2020-06-10,Santa Fe,25988,26
638,2020-06-11,Santa Fe,27372,27
639,2020-06-11,Santa Fe,27373,27
640,2020-06-11,Santa Fe,27374,27
641,2020-06-12,Santa Fe,28764,29
642,2020-06-12,Santa Fe,28764,29
643,2020-06-12,Santa Fe,28764,29
644,2020-06-13,Santa Fe,30294,30
645,2020-06-13,Santa Fe,30294,30
646,2020-06-13,Santa Fe,30294,30
647,2020-06-14,Santa Fe,31571,32
648,2020-06-14,Santa Fe,31571,32
649,2020-06-14,Santa Fe,31571,32
650,2020-06-15,Santa Fe,32785,33
651,2020-06-15,Santa Fe,32785,33
652,2020-06-15,Santa Fe,32785,33
653,2020-06-16,Santa Fe,34156,34
654,2020-06-16,Santa Fe,34158,34
655,2020-06-16,Santa Fe,34159,34
656,2020-06-17,Santa Fe,35551,36
657,2020-06-17,Santa Fe,35551,36
658,2020-06-17,Santa Fe,35551,36
659,2020-06-18,Santa Fe,37509,38
660,2020-06-18,Santa Fe,37509,38
661,2020-06-18,Santa Fe,37509,38
662,2020-06-19,Santa Fe,39570,40
663,2020-06-19,Santa Fe,39570,40
664,2020-06-19,Santa Fe,39570,40
665,2020-06-20,Santa Fe,41204,41
666,2020-06-20,Santa Fe,41204,41
667,2020-06-20,Santa Fe,41204,41
668,2020-06-21,Santa Fe,42785,43
669,2020-06-21,Santa Fe,42785,43
670,2020-06-21,Santa Fe,42785,43
671,2020-06-22,Santa Fe,44930,45
672,2020-06-22,Santa Fe,44930,45
673,2020-06-22,Santa Fe,44930,45
674,2020-06-23,Santa Fe,47216,47
675,2020-06-23,Santa Fe,47216,47
676,2020-06-24,Santa Fe,49841,50
677,2020-06-24,Santa Fe,49841,50
678,2020-06-25,Santa Fe,52456,52
679,2020-06-25,Santa Fe,52456,52
680,2020-06-26,Santa Fe,55342,55
681,2020-06-26,Santa Fe,55342,55
682,2020-06-27,Santa Fe,57743,58
683,2020-06-27,Santa Fe,57743,58
684,2020-06-28,Santa Fe,59932,60
685,2020-06-29,Santa Fe,62267,62
686,2020-06-30,Santa Fe,64530,65
687,2020-07-01,Santa Fe,67189,67
688,2020-07-02,Santa Fe,69941,70
689,2020-07-03,Santa Fe,72784,73
690,2020-07-04,Santa Fe,75371,75
691,2020-07-05,Santa Fe,77812,78
692,2020-07-06,Santa Fe,80446,80
693,2020-07-07,Santa Fe,83425,83
694,2020-07-08,Santa Fe,87021,87
695,2020-07-09,Santa Fe,90690,91
696,2020-07-10,Santa Fe,94058,94
697,2020-03-15,Tierra del Fuego,59,0
698,2020-03-20,Tierra del Fuego,155,0
699,2020-03-21,Tierra del Fuego,220,0
700,2020-03-24,Tierra del Fuego,381,0
701,2020-03-25,Tierra del Fuego,480,0
702,2020-03-26,Tierra del Fuego,582,1
703,2020-03-28,Tierra del Fuego,741,1
704,2020-03-29,Tierra del Fuego,814,1
705,2020-03-30,Tierra del Fuego,943,1
706,2020-03-31,Tierra del Fuego,1054,1
707,2020-04-02,Tierra del Fuego,1262,1
708,2020-04-03,Tierra del Fuego,1354,1
709,2020-04-04,Tierra del Fuego,1451,1
710,2020-04-05,Tierra del Fuego,1555,2
711,2020-04-06,Tierra del Fuego,1623,2
712,2020-04-07,Tierra del Fuego,1715,2
713,2020-04-08,Tierra del Fuego,1796,2
714,2020-04-10,Tierra del Fuego,1975,2
715,2020-04-11,Tierra del Fuego,2136,2
716,2020-04-11,Tierra del Fuego,2141,2
717,2020-04-12,Tierra del Fuego,2209,2
718,2020-04-13,Tierra del Fuego,2278,2
719,2020-04-14,Tierra del Fuego,2437,2
720,2020-04-14,Tierra del Fuego,2443,2
721,2020-04-15,Tierra del Fuego,2571,3
722,2020-04-16,Tierra del Fuego,2670,3
723,2020-04-17,Tierra del Fuego,2759,3
724,2020-04-19,Tierra del Fuego,2941,3
725,2020-04-21,Tierra del Fuego,3144,3
726,2020-04-23,Tierra del Fuego,3434,3
727,2020-04-24,Tierra del Fuego,3607,4
728,2020-04-25,Tierra del Fuego,3780,4
729,2020-04-26,Tierra del Fuego,3888,4
730,2020-04-27,Tierra del Fuego,4003,4
731,2020-04-28,Tierra del Fuego,4126,4
732,2020-04-30,Tierra del Fuego,4425,4
733,2020-05-01,Tierra del Fuego,4531,5
734,2020-05-02,Tierra del Fuego,4678,5
735,2020-05-03,Tierra del Fuego,4780,5
736,2020-05-09,Tierra del Fuego,5776,6
737,2020-05-10,Tierra del Fuego,6034,6
738,2020-05-27,Tierra del Fuego,13932,14
739,2020-05-28,Tierra del Fuego,14701,15
740,2020-05-29,Tierra del Fuego,15419,15
741,2020-05-30,Tierra del Fuego,16213,16
742,2020-05-31,Tierra del Fuego,16851,17
743,2020-06-01,Tierra del Fuego,17415,17
744,2020-06-02,Tierra del Fuego,18319,18
745,2020-06-03,Tierra del Fuego,19268,19
746,2020-06-04,Tierra del Fuego,20197,20
747,2020-06-05,Tierra del Fuego,21037,21
748,2020-06-06,Tierra del Fuego,22020,22
749,2020-06-07,Tierra del Fuego,22794,23
750,2020-06-08,Tierra del Fuego,23621,24
751,2020-06-09,Tierra del Fuego,24763,25
752,2020-06-10,Tierra del Fuego,25988,26
753,2020-06-11,Tierra del Fuego,27374,27
754,2020-06-12,Tierra del Fuego,28764,29
755,2020-06-13,Tierra del Fuego,30294,30
756,2020-06-14,Tierra del Fuego,31571,32
757,2020-06-15,Tierra del Fuego,32785,33
758,2020-06-16,Tierra del Fuego,34159,34
759,2020-06-17,Tierra del Fuego,35551,36
760,2020-06-18,Tierra del Fuego,37509,38
761,2020-06-19,Tierra del Fuego,39570,40
762,2020-06-20,Tierra del Fuego,41204,41
763,2020-06-21,Tierra del Fuego,42785,43
764,2020-06-22,Tierra del Fuego,44930,45
765,2020-06-23,Tierra del Fuego,47216,47
766,2020-06-24,Tierra del Fuego,49841,50
767,2020-06-25,Tierra del Fuego,52456,52
768,2020-06-26,Tierra del Fuego,55342,55
769,2020-06-27,Tierra del Fuego,57743,58
770,2020-06-28,Tierra del Fuego,59933,60
771,2020-06-29,Tierra del Fuego,62268,62
772,2020-06-30,Tierra del Fuego,64530,65
773,2020-07-01,Tierra del Fuego,67190,67
774,2020-07-02,Tierra del Fuego,69941,70
775,2020-07-03,Tierra del Fuego,72784,73
776,2020-07-04,Tierra del Fuego,75375,75
777,2020-07-05,Tierra del Fuego,77812,78
778,2020-07-06,Tierra del Fuego,80447,80
779,2020-07-07,Tierra del Fuego,83426,83
780,2020-07-08,Tierra del Fuego,87029,87
781,2020-07-09,Tierra del Fuego,90692,91
782,2020-07-10,Tierra del Fuego,94058,94
783,2020-03-17,Córdoba,76,0
784,2020-03-18,Córdoba,100,0
785,2020-03-19,Córdoba,125,0
786,2020-03-20,Córdoba,153,0
787,2020-03-21,Córdoba,217,0
788,2020-03-22,Córdoba,254,0
789,2020-03-23,Córdoba,299,0
790,2020-03-24,Córdoba,377,0
791,2020-03-25,Córdoba,453,0
792,2020-03-26,Córdoba,579,1
793,2020-03-27,Córdoba,661,1
794,2020-03-28,Córdoba,737,1
795,2020-03-29,Córdoba,810,1
796,2020-03-30,Córdoba,932,1
797,2020-03-31,Córdoba,1020,1
798,2020-04-01,Córdoba,1093,1
799,2020-04-02,Córdoba,1213,1
800,2020-04-03,Córdoba,1338,1
801,2020-04-04,Córdoba,1425,1
802,2020-04-05,Córdoba,1522,2
803,2020-04-06,Córdoba,1595,2
804,2020-04-07,Córdoba,1694,2
805,2020-04-08,Córdoba,1767,2
806,2020-04-09,Córdoba,1885,2
807,2020-04-10,Córdoba,1942,2
808,2020-04-11,Córdoba,2090,2
809,2020-04-12,Córdoba,2184,2
810,2020-04-13,Córdoba,2255,2
811,2020-04-14,Córdoba,2409,2
812,2020-04-15,Córdoba,2549,3
813,2020-04-16,Córdoba,2641,3
814,2020-04-17,Córdoba,2746,3
815,2020-04-18,Córdoba,2830,3
816,2020-04-19,Córdoba,2919,3
817,2020-04-20,Córdoba,3031,3
818,2020-04-22,Córdoba,3255,3
819,2020-04-23,Córdoba,3420,3
820,2020-04-24,Córdoba,3584,4
821,2020-04-25,Córdoba,3764,4
822,2020-04-26,Córdoba,3879,4
823,2020-04-27,Córdoba,4003,4
824,2020-04-28,Córdoba,4103,4
825,2020-04-29,Córdoba,4269,4
826,2020-04-30,Córdoba,4401,4
827,2020-05-01,Córdoba,4516,5
828,2020-05-02,Córdoba,4646,5
829,2020-05-03,Córdoba,4767,5
830,2020-05-04,Córdoba,4874,5
831,2020-05-05,Córdoba,5013,5
832,2020-05-06,Córdoba,5198,5
833,2020-05-07,Córdoba,5365,5
834,2020-05-08,Córdoba,5606,6
835,2020-05-09,Córdoba,5769,6
836,2020-05-10,Córdoba,6029,6
837,2020-05-11,Córdoba,6246,6
838,2020-05-12,Córdoba,6559,7
839,2020-05-13,Córdoba,6867,7
840,2020-05-14,Córdoba,7124,7
841,2020-05-15,Córdoba,7462,7
842,2020-05-16,Córdoba,7798,8
843,2020-05-17,Córdoba,8065,8
844,2020-05-18,Córdoba,8363,8
845,2020-05-19,Córdoba,8795,9
846,2020-05-20,Córdoba,9281,9
847,2020-05-21,Córdoba,9923,10
848,2020-05-22,Córdoba,10636,11
849,2020-05-23,Córdoba,11344,11
850,2020-05-24,Córdoba,12068,12
851,2020-05-25,Córdoba,12621,13
852,2020-05-26,Córdoba,13214,13
853,2020-05-27,Córdoba,13918,14
854,2020-05-28,Córdoba,14686,15
855,2020-05-29,Córdoba,15399,15
856,2020-05-30,Córdoba,16200,16
857,2020-05-31,Córdoba,16841,17
858,2020-06-01,Córdoba,17380,17
859,2020-06-02,Córdoba,18305,18
860,2020-06-03,Córdoba,19236,19
861,2020-06-04,Córdoba,20182,20
862,2020-06-05,Córdoba,21022,21
863,2020-06-06,Córdoba,21991,22
864,2020-06-07,Córdoba,22777,23
865,2020-06-08,Córdoba,23606,24
866,2020-06-09,Córdoba,24736,25
867,2020-06-10,Córdoba,25957,26
868,2020-06-11,Córdoba,27333,27
869,2020-06-12,Córdoba,28735,29
870,2020-06-13,Córdoba,30236,30
871,2020-06-14,Córdoba,31524,32
872,2020-06-15,Córdoba,32766,33
873,2020-06-16,Córdoba,34095,34
874,2020-06-17,Córdoba,35514,36
875,2020-06-18,Córdoba,37438,37
876,2020-06-19,Córdoba,39485,39
877,2020-06-20,Córdoba,41143,41
878,2020-06-21,Córdoba,42728,43
879,2020-06-22,Córdoba,44883,45
880,2020-06-23,Córdoba,47104,47
881,2020-06-24,Córdoba,49732,50
882,2020-06-25,Córdoba,52343,52
883,2020-06-26,Córdoba,55211,55
884,2020-06-27,Córdoba,57683,58
885,2020-06-28,Córdoba,59878,60
886,2020-06-29,Córdoba,62190,62
887,2020-06-30,Córdoba,64475,64
888,2020-07-01,Córdoba,67122,67
889,2020-07-02,Córdoba,69859,70
890,2020-07-03,Córdoba,72683,73
891,2020-07-04,Córdoba,75273,75
892,2020-07-05,Córdoba,77774,78
893,2020-07-06,Córdoba,80347,80
894,2020-07-07,Córdoba,83294,83
895,2020-07-08,Córdoba,86878,87
896,2020-07-09,Córdoba,90546,91
897,2020-07-10,Córdoba,93940,94
898,2020-03-17,Jujuy,78,0
899,2020-03-26,Jujuy,587,1
900,2020-04-02,Jujuy,1218,1
901,2020-05-28,Jujuy,14689,15
902,2020-05-29,Jujuy,15405,15
903,2020-05-30,Jujuy,16201,16
904,2020-05-31,Jujuy,16842,17
905,2020-06-01,Jujuy,17386,17
906,2020-06-02,Jujuy,18309,18
907,2020-06-03,Jujuy,19238,19
908,2020-06-04,Jujuy,20182,20
909,2020-06-05,Jujuy,21026,21
910,2020-06-06,Jujuy,22001,22
911,2020-06-07,Jujuy,22779,23
912,2020-06-08,Jujuy,23608,24
913,2020-06-09,Jujuy,24741,25
914,2020-06-10,Jujuy,25961,26
915,2020-06-11,Jujuy,27342,27
916,2020-06-12,Jujuy,28740,29
917,2020-06-13,Jujuy,30265,30
918,2020-06-14,Jujuy,31547,32
919,2020-06-15,Jujuy,32769,33
920,2020-06-16,Jujuy,34108,34
921,2020-06-17,Jujuy,35522,36
922,2020-06-18,Jujuy,37452,37
923,2020-06-19,Jujuy,39495,39
924,2020-06-20,Jujuy,41165,41
925,2020-06-21,Jujuy,42738,43
926,2020-06-22,Jujuy,44901,45
927,2020-06-23,Jujuy,47130,47
928,2020-06-24,Jujuy,49782,50
929,2020-06-25,Jujuy,52361,52
930,2020-06-26,Jujuy,55282,55
931,2020-06-27,Jujuy,57699,58
932,2020-06-28,Jujuy,59902,60
933,2020-06-29,Jujuy,62213,62
934,2020-06-30,Jujuy,64487,64
935,2020-07-01,Jujuy,67153,67
936,2020-07-02,Jujuy,69888,70
937,2020-07-03,Jujuy,72714,73
938,2020-07-04,Jujuy,75292,75
939,2020-07-05,Jujuy,77782,78
940,2020-07-06,Jujuy,80382,80
941,2020-07-07,Jujuy,83335,83
942,2020-07-08,Jujuy,86931,87
943,2020-07-09,Jujuy,90619,91
944,2020-07-10,Jujuy,93988,94
945,2020-03-17,Salta,79,0
946,2020-04-01,Salta,1111,1
947,2020-04-15,Salta,2566,3
948,2020-04-26,Salta,3890,4
949,2020-05-12,Salta,6563,7
950,2020-05-13,Salta,6878,7
951,2020-05-14,Salta,7133,7
952,2020-05-15,Salta,7478,7
953,2020-05-16,Salta,7804,8
954,2020-05-17,Salta,8068,8
955,2020-05-18,Salta,8367,8
956,2020-05-19,Salta,8803,9
957,2020-05-20,Salta,9283,9
958,2020-05-21,Salta,9926,10
959,2020-05-22,Salta,10644,11
960,2020-05-23,Salta,11349,11
961,2020-05-24,Salta,12074,12
962,2020-05-25,Salta,12626,13
963,2020-05-26,Salta,13225,13
964,2020-05-27,Salta,13931,14
965,2020-05-28,Salta,14701,15
966,2020-05-29,Salta,15419,15
967,2020-05-30,Salta,16211,16
968,2020-05-31,Salta,16850,17
969,2020-06-01,Salta,17411,17
970,2020-06-02,Salta,18319,18
971,2020-06-03,Salta,19265,19
972,2020-06-04,Salta,20192,20
973,2020-06-05,Salta,21036,21
974,2020-06-06,Salta,22018,22
975,2020-06-07,Salta,22794,23
976,2020-06-08,Salta,23620,24
977,2020-06-09,Salta,24760,25
978,2020-06-10,Salta,25984,26
979,2020-06-11,Salta,27372,27
980,2020-06-12,Salta,28764,29
981,2020-06-13,Salta,30293,30
982,2020-06-14,Salta,31571,32
983,2020-06-15,Salta,32785,33
984,2020-06-16,Salta,34156,34
985,2020-06-17,Salta,35549,36
986,2020-06-18,Salta,37498,37
987,2020-06-19,Salta,39559,40
988,2020-06-20,Salta,41198,41
989,2020-06-21,Salta,42768,43
990,2020-06-22,Salta,44925,45
991,2020-06-23,Salta,47187,47
992,2020-06-24,Salta,49837,50
993,2020-06-25,Salta,52435,52
994,2020-06-26,Salta,55330,55
995,2020-06-27,Salta,57738,58
996,2020-06-28,Salta,59926,60
997,2020-06-29,Salta,62264,62
998,2020-06-30,Salta,64529,65
999,2020-07-01,Salta,67188,67
1000,2020-07-02,Salta,69939,70
1001,2020-07-03,Salta,72779,73
1002,2020-07-04,Salta,75365,75
1003,2020-07-05,Salta,77809,78
1004,2020-07-06,Salta,80436,80
1005,2020-07-07,Salta,83416,83
1006,2020-07-08,Salta,87007,87
1007,2020-07-09,Salta,90673,91
1008,2020-07-10,Salta,94048,94
1009,2020-03-17,Entre Ríos,81,0
1010,2020-03-18,Entre Ríos,101,0
1011,2020-03-20,Entre Ríos,157,0
1012,2020-03-25,Entre Ríos,477,0
1013,2020-03-27,Entre Ríos,679,1
1014,2020-03-30,Entre Ríos,956,1
1015,2020-04-01,Entre Ríos,1095,1
1016,2020-04-02,Entre Ríos,1216,1
1017,2020-04-03,Entre Ríos,1340,1
1018,2020-04-05,Entre Ríos,1523,2
1019,2020-04-07,Entre Ríos,1695,2
1020,2020-04-09,Entre Ríos,1891,2
1021,2020-04-16,Entre Ríos,2642,3
1022,2020-04-26,Entre Ríos,3892,4
1023,2020-05-01,Entre Ríos,4518,5
1024,2020-05-03,Entre Ríos,4782,5
1025,2020-05-05,Entre Ríos,5020,5
1026,2020-05-13,Entre Ríos,6873,7
1027,2020-05-14,Entre Ríos,7128,7
1028,2020-05-15,Entre Ríos,7461,7
1029,2020-05-16,Entre Ríos,7798,8
1030,2020-05-17,Entre Ríos,8065,8
1031,2020-05-18,Entre Ríos,8362,8
1032,2020-05-19,Entre Ríos,8795,9
1033,2020-05-20,Entre Ríos,9281,9
1034,2020-05-21,Entre Ríos,9923,10
1035,2020-05-22,Entre Ríos,10636,11
1036,2020-05-23,Entre Ríos,11344,11
1037,2020-05-24,Entre Ríos,12068,12
1038,2020-05-25,Entre Ríos,12621,13
1039,2020-05-26,Entre Ríos,13214,13
1040,2020-05-27,Entre Ríos,13920,14
1041,2020-05-28,Entre Ríos,14688,15
1042,2020-05-29,Entre Ríos,15405,15
1043,2020-05-30,Entre Ríos,16201,16
1044,2020-05-31,Entre Ríos,16842,17
1045,2020-06-01,Entre Ríos,17386,17
1046,2020-06-02,Entre Ríos,18309,18
1047,2020-06-03,Entre Ríos,19238,19
1048,2020-06-04,Entre Ríos,20182,20
1049,2020-06-05,Entre Ríos,21026,21
1050,2020-06-06,Entre Ríos,22001,22
1051,2020-06-07,Entre Ríos,22779,23
1052,2020-06-08,Entre Ríos,23608,24
1053,2020-06-09,Entre Ríos,24739,25
1054,2020-06-10,Entre Ríos,25961,26
1055,2020-06-11,Entre Ríos,27342,27
1056,2020-06-12,Entre Ríos,28739,29
1057,2020-06-13,Entre Ríos,30239,30
1058,2020-06-14,Entre Ríos,31541,32
1059,2020-06-15,Entre Ríos,32769,33
1060,2020-06-16,Entre Ríos,34108,34
1061,2020-06-17,Entre Ríos,35521,36
1062,2020-06-18,Entre Ríos,37445,37
1063,2020-06-19,Entre Ríos,39494,39
1064,2020-06-20,Entre Ríos,41163,41
1065,2020-06-21,Entre Ríos,42738,43
1066,2020-06-22,Entre Ríos,44899,45
1067,2020-06-23,Entre Ríos,47121,47
1068,2020-06-24,Entre Ríos,49756,50
1069,2020-06-25,Entre Ríos,52360,52
1070,2020-06-26,Entre Ríos,55230,55
1071,2020-06-27,Entre Ríos,57696,58
1072,2020-06-28,Entre Ríos,59902,60
1073,2020-06-29,Entre Ríos,62197,62
1074,2020-06-30,Entre Ríos,64481,64
1075,2020-07-01,Entre Ríos,67132,67
1076,2020-07-02,Entre Ríos,69873,70
1077,2020-07-03,Entre Ríos,72694,73
1078,2020-07-04,Entre Ríos,75278,75
1079,2020-07-05,Entre Ríos,77781,78
1080,2020-07-06,Entre Ríos,80353,80
1081,2020-07-07,Entre Ríos,83305,83
1082,2020-07-08,Entre Ríos,86893,87
1083,2020-07-09,Entre Ríos,90567,91
1084,2020-07-10,Entre Ríos,93965,94
1085,2020-03-17,Santa Cruz,82,0
1086,2020-03-24,Santa Cruz,387,0
1087,2020-03-25,Santa Cruz,470,0
1088,2020-03-26,Santa Cruz,589,1
1089,2020-04-01,Santa Cruz,1122,1
1090,2020-04-02,Santa Cruz,1229,1
1091,2020-04-04,Santa Cruz,1437,1
1092,2020-04-05,Santa Cruz,1541,2
1093,2020-04-07,Santa Cruz,1710,2
1094,2020-04-10,Santa Cruz,1972,2
1095,2020-04-11,Santa Cruz,2127,2
1096,2020-04-20,Santa Cruz,3028,3
1097,2020-04-24,Santa Cruz,3603,4
1098,2020-04-26,Santa Cruz,3889,4
1099,2020-04-27,Santa Cruz,4002,4
1100,2020-04-30,Santa Cruz,4423,4
1101,2020-05-31,Santa Cruz,16851,17
1102,2020-06-01,Santa Cruz,17412,17
1103,2020-06-02,Santa Cruz,18319,18
1104,2020-06-03,Santa Cruz,19265,19
1105,2020-06-04,Santa Cruz,20192,20
1106,2020-06-05,Santa Cruz,21036,21
1107,2020-06-06,Santa Cruz,22018,22
1108,2020-06-07,Santa Cruz,22794,23
1109,2020-06-08,Santa Cruz,23620,24
1110,2020-06-09,Santa Cruz,24760,25
1111,2020-06-23,Santa Cruz,47187,47
1112,2020-06-24,Santa Cruz,49837,50
1113,2020-06-25,Santa Cruz,52435,52
1114,2020-06-26,Santa Cruz,55330,55
1115,2020-06-27,Santa Cruz,57738,58
1116,2020-06-28,Santa Cruz,59926,60
1117,2020-06-29,Santa Cruz,62264,62
1118,2020-06-30,Santa Cruz,64529,65
1119,2020-07-01,Santa Cruz,67188,67
1120,2020-07-02,Santa Cruz,69939,70
1121,2020-07-03,Santa Cruz,72779,73
1122,2020-07-04,Santa Cruz,75366,75
1123,2020-07-05,Santa Cruz,77809,78
1124,2020-07-06,Santa Cruz,80441,80
1125,2020-07-07,Santa Cruz,83416,83
1126,2020-07-08,Santa Cruz,87007,87
1127,2020-07-09,Santa Cruz,90675,91
1128,2020-07-10,Santa Cruz,94052,94
1129,2020-03-19,Tucumán,128,0
1130,2020-03-21,Tucumán,226,0
1131,2020-03-22,Tucumán,266,0
1132,2020-03-25,Tucumán,482,0
1133,2020-03-27,Tucumán,667,1
1134,2020-03-29,Tucumán,821,1
1135,2020-03-30,Tucumán,967,1
1136,2020-03-31,Tucumán,1055,1
1137,2020-04-01,Tucumán,1134,1
1138,2020-04-02,Tucumán,1266,1
1139,2020-04-03,Tucumán,1354,1
1140,2020-04-04,Tucumán,1452,1
1141,2020-04-06,Tucumán,1628,2
1142,2020-04-07,Tucumán,1716,2
1143,2020-04-08,Tucumán,1796,2
1144,2020-04-09,Tucumán,1894,2
1145,2020-04-11,Tucumán,2142,2
1146,2020-04-20,Tucumán,3031,3
1147,2020-04-22,Tucumán,3287,3
1148,2020-04-26,Tucumán,3781,4
1149,2020-04-28,Tucumán,4127,4
1150,2020-04-30,Tucumán,4427,4
1151,2020-05-04,Tucumán,4886,5
1152,2020-05-11,Tucumán,6278,6
1153,2020-05-12,Tucumán,6563,7
1154,2020-05-13,Tucumán,6878,7
1155,2020-05-14,Tucumán,7133,7
1156,2020-05-15,Tucumán,7478,7
1157,2020-05-16,Tucumán,7805,8
1158,2020-05-17,Tucumán,8068,8
1159,2020-05-18,Tucumán,8371,8
1160,2020-05-19,Tucumán,8809,9
1161,2020-05-20,Tucumán,9285,9
1162,2020-05-21,Tucumán,9930,10
1163,2020-05-22,Tucumán,10648,11
1164,2020-05-23,Tucumán,11352,11
1165,2020-05-24,Tucumán,12075,12
1166,2020-05-25,Tucumán,12627,13
1167,2020-05-26,Tucumán,13226,13
1168,2020-05-27,Tucumán,13932,14
1169,2020-05-28,Tucumán,14701,15
1170,2020-05-29,Tucumán,15419,15
1171,2020-05-30,Tucumán,16214,16
1172,2020-05-31,Tucumán,16851,17
1173,2020-06-01,Tucumán,17415,17
1174,2020-06-02,Tucumán,18319,18
1175,2020-06-03,Tucumán,19268,19
1176,2020-06-04,Tucumán,20197,20
1177,2020-06-05,Tucumán,21037,21
1178,2020-06-06,Tucumán,22020,22
1179,2020-06-07,Tucumán,22794,23
1180,2020-06-08,Tucumán,23621,24
1181,2020-06-09,Tucumán,24763,25
1182,2020-06-10,Tucumán,25988,26
1183,2020-06-11,Tucumán,27374,27
1184,2020-06-12,Tucumán,28765,29
1185,2020-06-13,Tucumán,30295,30
1186,2020-06-14,Tucumán,31577,32
1187,2020-06-15,Tucumán,32785,33
1188,2020-06-16,Tucumán,34159,34
1189,2020-06-17,Tucumán,35552,36
1190,2020-06-18,Tucumán,37510,38
1191,2020-06-19,Tucumán,39570,40
1192,2020-06-20,Tucumán,41204,41
1193,2020-06-21,Tucumán,42785,43
1194,2020-06-22,Tucumán,44931,45
1195,2020-06-23,Tucumán,47216,47
1196,2020-06-24,Tucumán,49851,50
1197,2020-06-25,Tucumán,52457,52
1198,2020-06-26,Tucumán,55343,55
1199,2020-06-27,Tucumán,57744,58
1200,2020-06-28,Tucumán,59933,60
1201,2020-06-29,Tucumán,62268,62
1202,2020-06-30,Tucumán,64530,65
1203,2020-07-01,Tucumán,67197,67
1204,2020-07-02,Tucumán,69941,70
1205,2020-07-03,Tucumán,72786,73
1206,2020-07-04,Tucumán,75376,75
1207,2020-07-05,Tucumán,77815,78
1208,2020-07-06,Tucumán,80447,80
1209,2020-07-07,Tucumán,83426,83
1210,2020-07-08,Tucumán,87030,87
1211,2020-07-09,Tucumán,90693,91
1212,2020-07-10,Tucumán,94060,94
1213,2020-03-20,Corrientes,158,0
1214,2020-03-21,Corrientes,222,0
1215,2020-03-27,Corrientes,690,1
1216,2020-03-28,Corrientes,746,1
1217,2020-03-29,Corrientes,816,1
1218,2020-03-30,Corrientes,953,1
1219,2020-03-31,Corrientes,1021,1
1220,2020-04-01,Corrientes,1094,1
1221,2020-04-02,Corrientes,1214,1
1222,2020-04-06,Corrientes,1597,2
1223,2020-04-13,Corrientes,2262,2
1224,2020-04-14,Corrientes,2409,2
1225,2020-04-20,Corrientes,3013,3
1226,2020-04-23,Corrientes,3421,3
1227,2020-04-24,Corrientes,3588,4
1228,2020-04-25,Corrientes,3765,4
1229,2020-04-26,Corrientes,3885,4
1230,2020-04-28,Corrientes,4104,4
1231,2020-04-30,Corrientes,4402,4
1232,2020-05-01,Corrientes,4516,5
1233,2020-05-06,Corrientes,5201,5
1234,2020-05-07,Corrientes,5366,5
1235,2020-05-08,Corrientes,5607,6
1236,2020-05-09,Corrientes,5770,6
1237,2020-05-10,Corrientes,6029,6
1238,2020-05-11,Corrientes,6262,6
1239,2020-05-12,Corrientes,6560,7
1240,2020-05-13,Corrientes,6872,7
1241,2020-05-14,Corrientes,7127,7
1242,2020-05-15,Corrientes,7462,7
1243,2020-05-16,Corrientes,7798,8
1244,2020-05-17,Corrientes,8065,8
1245,2020-05-18,Corrientes,8362,8
1246,2020-05-19,Corrientes,8795,9
1247,2020-05-20,Corrientes,9281,9
1248,2020-05-21,Corrientes,9923,10
1249,2020-05-22,Corrientes,10636,11
1250,2020-05-23,Corrientes,11344,11
1251,2020-05-24,Corrientes,12068,12
1252,2020-05-25,Corrientes,12621,13
1253,2020-05-26,Corrientes,13214,13
1254,2020-05-27,Corrientes,13920,14
1255,2020-05-28,Corrientes,14687,15
1256,2020-05-29,Corrientes,15405,15
1257,2020-05-30,Corrientes,16200,16
1258,2020-05-31,Corrientes,16842,17
1259,2020-06-01,Corrientes,17386,17
1260,2020-06-02,Corrientes,18307,18
1261,2020-06-03,Corrientes,19236,19
1262,2020-06-04,Corrientes,20182,20
1263,2020-06-05,Corrientes,21022,21
1264,2020-06-06,Corrientes,21991,22
1265,2020-06-07,Corrientes,22777,23
1266,2020-06-08,Corrientes,23606,24
1267,2020-06-09,Corrientes,24737,25
1268,2020-06-10,Corrientes,25957,26
1269,2020-06-11,Corrientes,27336,27
1270,2020-06-12,Corrientes,28735,29
1271,2020-06-13,Corrientes,30237,30
1272,2020-06-14,Corrientes,31526,32
1273,2020-06-15,Corrientes,32767,33
1274,2020-06-16,Corrientes,34096,34
1275,2020-06-17,Corrientes,35516,36
1276,2020-06-18,Corrientes,37439,37
1277,2020-06-19,Corrientes,39490,39
1278,2020-06-20,Corrientes,41144,41
1279,2020-06-21,Corrientes,42728,43
1280,2020-06-22,Corrientes,44883,45
1281,2020-06-23,Corrientes,47104,47
1282,2020-06-24,Corrientes,49732,50
1283,2020-06-25,Corrientes,52343,52
1284,2020-06-26,Corrientes,55211,55
1285,2020-06-27,Corrientes,57684,58
1286,2020-06-28,Corrientes,59878,60
1287,2020-06-29,Corrientes,62192,62
1288,2020-06-30,Corrientes,64475,64
1289,2020-07-01,Corrientes,67123,67
1290,2020-07-02,Corrientes,69859,70
1291,2020-07-03,Corrientes,72683,73
1292,2020-07-04,Corrientes,75273,75
1293,2020-07-05,Corrientes,77775,78
1294,2020-07-06,Corrientes,80348,80
1295,2020-07-07,Corrientes,83295,83
1296,2020-07-08,Corrientes,86882,87
1297,2020-07-09,Corrientes,90546,91
1298,2020-07-10,Corrientes,93940,94
1299,2020-03-20,Neuquén,159,0
1300,2020-03-24,Neuquén,386,0
1301,2020-03-25,Neuquén,479,0
1302,2020-03-26,Neuquén,585,1
1303,2020-03-27,Neuquén,683,1
1304,2020-03-28,Neuquén,742,1
1305,2020-03-28,Neuquén,743,1
1306,2020-03-30,Neuquén,967,1
1307,2020-04-01,Neuquén,1109,1
1308,2020-04-02,Neuquén,1225,1
1309,2020-04-03,Neuquén,1343,1
1310,2020-04-04,Neuquén,1431,1
1311,2020-04-05,Neuquén,1538,2
1312,2020-04-06,Neuquén,1605,2
1313,2020-04-07,Neuquén,1700,2
1314,2020-04-08,Neuquén,1791,2
1315,2020-04-09,Neuquén,1874,2
1316,2020-04-10,Neuquén,1959,2
1317,2020-04-11,Neuquén,2100,2
1318,2020-04-12,Neuquén,2189,2
1319,2020-04-13,Neuquén,2269,2
1320,2020-04-14,Neuquén,2420,2
1321,2020-04-15,Neuquén,2554,3
1322,2020-04-16,Neuquén,2651,3
1323,2020-04-17,Neuquén,2750,3
1324,2020-04-18,Neuquén,2834,3
1325,2020-04-19,Neuquén,2929,3
1326,2020-04-20,Neuquén,3017,3
1327,2020-04-22,Neuquén,3262,3
1328,2020-04-23,Neuquén,3423,3
1329,2020-04-26,Neuquén,3891,4
1330,2020-04-27,Neuquén,3989,4
1331,2020-04-28,Neuquén,4127,4
1332,2020-04-29,Neuquén,4277,4
1333,2020-04-30,Neuquén,4408,4
1334,2020-05-09,Neuquén,5771,6
1335,2020-05-10,Neuquén,6029,6
1336,2020-05-11,Neuquén,6263,6
1337,2020-05-12,Neuquén,6561,7
1338,2020-05-13,Neuquén,6874,7
1339,2020-05-14,Neuquén,7129,7
1340,2020-05-15,Neuquén,7461,7
1341,2020-05-16,Neuquén,7798,8
1342,2020-05-17,Neuquén,8066,8
1343,2020-05-18,Neuquén,8364,8
1344,2020-05-19,Neuquén,8797,9
1345,2020-05-20,Neuquén,9281,9
1346,2020-05-21,Neuquén,9923,10
1347,2020-05-22,Neuquén,10636,11
1348,2020-05-23,Neuquén,11344,11
1349,2020-05-24,Neuquén,12069,12
1350,2020-05-25,Neuquén,12622,13
1351,2020-05-26,Neuquén,13221,13
1352,2020-05-27,Neuquén,13922,14
1353,2020-05-28,Neuquén,14694,15
1354,2020-05-29,Neuquén,15407,15
1355,2020-05-30,Neuquén,16205,16
1356,2020-05-31,Neuquén,16846,17
1357,2020-06-01,Neuquén,17397,17
1358,2020-06-02,Neuquén,18312,18
1359,2020-06-03,Neuquén,19249,19
1360,2020-06-04,Neuquén,20184,20
1361,2020-06-05,Neuquén,21028,21
1362,2020-06-06,Neuquén,22003,22
1363,2020-06-07,Neuquén,22783,23
1364,2020-06-08,Neuquén,23609,24
1365,2020-06-09,Neuquén,24747,25
1366,2020-06-10,Neuquén,25971,26
1367,2020-06-11,Neuquén,27358,27
1368,2020-06-12,Neuquén,28748,29
1369,2020-06-13,Neuquén,30278,30
1370,2020-06-14,Neuquén,31564,32
1371,2020-06-15,Neuquén,32773,33
1372,2020-06-16,Neuquén,34139,34
1373,2020-06-17,Neuquén,35534,36
1374,2020-06-18,Neuquén,37471,37
1375,2020-06-19,Neuquén,39525,40
1376,2020-06-20,Neuquén,41179,41
1377,2020-06-21,Neuquén,42752,43
1378,2020-06-22,Neuquén,44915,45
1379,2020-06-23,Neuquén,47168,47
1380,2020-06-24,Neuquén,49810,50
1381,2020-06-25,Neuquén,52385,52
1382,2020-06-26,Neuquén,55317,55
1383,2020-06-27,Neuquén,57722,58
1384,2020-06-28,Neuquén,59920,60
1385,2020-06-29,Neuquén,62237,62
1386,2020-06-30,Neuquén,64513,65
1387,2020-07-01,Neuquén,67173,67
1388,2020-07-02,Neuquén,69905,70
1389,2020-07-03,Neuquén,72748,73
1390,2020-07-04,Neuquén,75321,75
1391,2020-07-05,Neuquén,77804,78
1392,2020-07-06,Neuquén,80427,80
1393,2020-07-07,Neuquén,83383,83
1394,2020-07-08,Neuquén,86990,87
1395,2020-07-09,Neuquén,90641,91
1396,2020-07-10,Neuquén,94020,94
1397,2020-03-20,Santiago del Estero,160,0
1398,2020-03-27,Santiago del Estero,691,1
1399,2020-04-02,Santiago del Estero,1238,1
1400,2020-04-04,Santiago del Estero,1443,1
1401,2020-04-06,Santiago del Estero,1621,2
1402,2020-04-11,Santiago del Estero,2133,2
1403,2020-04-25,Santiago del Estero,3776,4
1404,2020-04-26,Santiago del Estero,3888,4
1405,2020-05-10,Santiago del Estero,6032,6
1406,2020-05-11,Santiago del Estero,6277,6
1407,2020-05-12,Santiago del Estero,6563,7
1408,2020-05-13,Santiago del Estero,6878,7
1409,2020-05-14,Santiago del Estero,7133,7
1410,2020-05-15,Santiago del Estero,7478,7
1411,2020-05-16,Santiago del Estero,7805,8
1412,2020-05-17,Santiago del Estero,8068,8
1413,2020-05-18,Santiago del Estero,8371,8
1414,2020-05-19,Santiago del Estero,8809,9
1415,2020-05-20,Santiago del Estero,9285,9
1416,2020-05-21,Santiago del Estero,9929,10
1417,2020-05-22,Santiago del Estero,10648,11
1418,2020-05-23,Santiago del Estero,11349,11
1419,2020-05-24,Santiago del Estero,12076,12
1420,2020-05-25,Santiago del Estero,12625,13
1421,2020-05-26,Santiago del Estero,13226,13
1422,2020-06-28,Santiago del Estero,59933,60
1423,2020-06-29,Santiago del Estero,62268,62
1424,2020-06-30,Santiago del Estero,64530,65
1425,2020-07-01,Santiago del Estero,67190,67
1426,2020-07-02,Santiago del Estero,69941,70
1427,2020-07-03,Santiago del Estero,72784,73
1428,2020-07-04,Santiago del Estero,75371,75
1429,2020-07-05,Santiago del Estero,77812,78
1430,2020-07-06,Santiago del Estero,80447,80
1431,2020-07-07,Santiago del Estero,83426,83
1432,2020-07-08,Santiago del Estero,87029,87
1433,2020-07-09,Santiago del Estero,90691,91
1434,2020-07-10,Santiago del Estero,94058,94
1435,2020-03-21,Mendoza,213,0
1436,2020-03-25,Mendoza,478,0
1437,2020-03-26,Mendoza,590,1
1438,2020-03-27,Mendoza,684,1
1439,2020-03-28,Mendoza,744,1
1440,2020-03-29,Mendoza,820,1
1441,2020-03-30,Mendoza,959,1
1442,2020-03-31,Mendoza,1023,1
1443,2020-04-01,Mendoza,1105,1
1444,2020-04-02,Mendoza,1266,1
1445,2020-04-03,Mendoza,1342,1
1446,2020-04-05,Mendoza,1527,2
1447,2020-04-06,Mendoza,1599,2
1448,2020-04-07,Mendoza,1697,2
1449,2020-04-08,Mendoza,1774,2
1450,2020-04-09,Mendoza,1893,2
1451,2020-04-10,Mendoza,1952,2
1452,2020-04-11,Mendoza,2099,2
1453,2020-04-12,Mendoza,2188,2
1454,2020-04-13,Mendoza,2267,2
1455,2020-04-14,Mendoza,2418,2
1456,2020-04-15,Mendoza,2553,3
1457,2020-04-16,Mendoza,2650,3
1458,2020-04-17,Mendoza,2748,3
1459,2020-04-19,Mendoza,2926,3
1460,2020-04-20,Mendoza,3014,3
1461,2020-04-22,Mendoza,3261,3
1462,2020-04-23,Mendoza,3422,3
1463,2020-04-28,Mendoza,4106,4
1464,2020-04-29,Mendoza,4272,4
1465,2020-04-30,Mendoza,4407,4
1466,2020-05-01,Mendoza,4522,5
1467,2020-05-02,Mendoza,4679,5
1468,2020-05-03,Mendoza,4780,5
1469,2020-05-05,Mendoza,5019,5
1470,2020-05-08,Mendoza,5609,6
1471,2020-05-09,Mendoza,5771,6
1472,2020-05-10,Mendoza,6029,6
1473,2020-05-12,Mendoza,6561,7
1474,2020-05-13,Mendoza,6873,7
1475,2020-05-14,Mendoza,7128,7
1476,2020-05-15,Mendoza,7461,7
1477,2020-05-16,Mendoza,7798,8
1478,2020-05-17,Mendoza,8066,8
1479,2020-05-18,Mendoza,8364,8
1480,2020-05-19,Mendoza,8797,9
1481,2020-05-20,Mendoza,9281,9
1482,2020-05-21,Mendoza,9923,10
1483,2020-05-22,Mendoza,10636,11
1484,2020-05-23,Mendoza,11344,11
1485,2020-05-24,Mendoza,12068,12
1486,2020-05-25,Mendoza,12621,13
1487,2020-05-26,Mendoza,13214,13
1488,2020-05-27,Mendoza,13920,14
1489,2020-05-28,Mendoza,14689,15
1490,2020-05-29,Mendoza,15405,15
1491,2020-05-30,Mendoza,16204,16
1492,2020-05-31,Mendoza,16842,17
1493,2020-06-01,Mendoza,17394,17
1494,2020-06-02,Mendoza,18309,18
1495,2020-06-03,Mendoza,19238,19
1496,2020-06-04,Mendoza,20182,20
1497,2020-06-05,Mendoza,21027,21
1498,2020-06-06,Mendoza,22000,22
1499,2020-06-07,Mendoza,22780,23
1500,2020-06-08,Mendoza,23609,24
1501,2020-06-09,Mendoza,24742,25
1502,2020-06-10,Mendoza,25961,26
1503,2020-06-11,Mendoza,27343,27
1504,2020-06-12,Mendoza,28742,29
1505,2020-06-13,Mendoza,30265,30
1506,2020-06-14,Mendoza,31555,32
1507,2020-06-15,Mendoza,32769,33
1508,2020-06-16,Mendoza,34111,34
1509,2020-06-17,Mendoza,35523,36
1510,2020-06-18,Mendoza,37455,37
1511,2020-06-19,Mendoza,39498,39
1512,2020-06-20,Mendoza,41170,41
1513,2020-06-21,Mendoza,42743,43
1514,2020-06-22,Mendoza,44904,45
1515,2020-06-23,Mendoza,47139,47
1516,2020-06-24,Mendoza,49798,50
1517,2020-06-25,Mendoza,52364,52
1518,2020-06-26,Mendoza,55286,55
1519,2020-06-27,Mendoza,57706,58
1520,2020-06-28,Mendoza,59908,60
1521,2020-06-29,Mendoza,62218,62
1522,2020-06-30,Mendoza,64495,64
1523,2020-07-01,Mendoza,67161,67
1524,2020-07-02,Mendoza,69893,70
1525,2020-07-03,Mendoza,72720,73
1526,2020-07-04,Mendoza,75301,75
1527,2020-07-05,Mendoza,77795,78
1528,2020-07-06,Mendoza,80391,80
1529,2020-07-07,Mendoza,83361,83
1530,2020-07-08,Mendoza,86967,87
1531,2020-07-09,Mendoza,90631,91
1532,2020-07-10,Mendoza,94006,94
1533,2020-03-24,La Pampa,385,0
1534,2020-03-29,La Pampa,818,1
1535,2020-04-08,La Pampa,1768,2
1536,2020-04-10,La Pampa,1943,2
1537,2020-06-14,La Pampa,31548,32
1538,2020-06-15,La Pampa,32769,33
1539,2020-06-16,La Pampa,34108,34
1540,2020-06-17,La Pampa,35522,36
1541,2020-06-18,La Pampa,37452,37
1542,2020-06-19,La Pampa,39495,39
1543,2020-06-20,La Pampa,41165,41
1544,2020-06-21,La Pampa,42738,43
1545,2020-06-22,La Pampa,44901,45
1546,2020-06-23,La Pampa,47130,47
1547,2020-06-24,La Pampa,49783,50
1548,2020-06-25,La Pampa,52361,52
1549,2020-06-26,La Pampa,55282,55
1550,2020-06-27,La Pampa,57699,58
1551,2020-06-28,La Pampa,59902,60
1552,2020-06-29,La Pampa,62213,62
1553,2020-06-30,La Pampa,64487,64
1554,2020-07-01,La Pampa,67153,67
1555,2020-07-02,La Pampa,69888,70
1556,2020-07-03,La Pampa,72714,73
1557,2020-07-04,La Pampa,75292,75
1558,2020-07-05,La Pampa,77782,78
1559,2020-07-06,La Pampa,80382,80
1560,2020-07-07,La Pampa,83335,83
1561,2020-07-08,La Pampa,86931,87
1562,2020-07-09,La Pampa,90619,91
1563,2020-07-10,La Pampa,93988,94
1564,2020-03-27,Misiones,692,1
1565,2020-03-29,Misiones,821,1
1566,2020-03-31,Misiones,1024,1
1567,2020-04-17,Misiones,2749,3
1568,2020-04-18,Misiones,2831,3
1569,2020-04-24,Misiones,3591,4
1570,2020-04-27,Misiones,3986,4
1571,2020-04-29,Misiones,4276,4
1572,2020-05-02,Misiones,4658,5
1573,2020-05-03,Misiones,4767,5
1574,2020-05-04,Misiones,4876,5
1575,2020-05-11,Misiones,6264,6
1576,2020-05-13,Misiones,6872,7
1577,2020-05-14,Misiones,7128,7
1578,2020-05-15,Misiones,7461,7
1579,2020-05-16,Misiones,7798,8
1580,2020-05-17,Misiones,8066,8
1581,2020-05-18,Misiones,8364,8
1582,2020-05-19,Misiones,8797,9
1583,2020-05-20,Misiones,9281,9
1584,2020-05-21,Misiones,9923,10
1585,2020-05-22,Misiones,10636,11
1586,2020-05-23,Misiones,11344,11
1587,2020-05-24,Misiones,12068,12
1588,2020-05-25,Misiones,12621,13
1589,2020-05-26,Misiones,13214,13
1590,2020-05-27,Misiones,13920,14
1591,2020-05-28,Misiones,14691,15
1592,2020-05-29,Misiones,15405,15
1593,2020-05-30,Misiones,16204,16
1594,2020-05-31,Misiones,16843,17
1595,2020-06-01,Misiones,17394,17
1596,2020-06-02,Misiones,18309,18
1597,2020-06-03,Misiones,19239,19
1598,2020-06-04,Misiones,20184,20
1599,2020-06-05,Misiones,21027,21
1600,2020-06-06,Misiones,22002,22
1601,2020-06-07,Misiones,22783,23
1602,2020-06-08,Misiones,23609,24
1603,2020-06-09,Misiones,24742,25
1604,2020-06-10,Misiones,25961,26
1605,2020-06-11,Misiones,27344,27
1606,2020-06-12,Misiones,28742,29
1607,2020-06-13,Misiones,30265,30
1608,2020-06-14,Misiones,31555,32
1609,2020-06-15,Misiones,32770,33
1610,2020-06-16,Misiones,34111,34
1611,2020-06-17,Misiones,35523,36
1612,2020-06-18,Misiones,37455,37
1613,2020-06-19,Misiones,39498,39
1614,2020-06-20,Misiones,41170,41
1615,2020-06-21,Misiones,42743,43
1616,2020-06-22,Misiones,44904,45
1617,2020-06-23,Misiones,47139,47
1618,2020-06-24,Misiones,49798,50
1619,2020-06-25,Misiones,52365,52
1620,2020-06-26,Misiones,55286,55
1621,2020-06-27,Misiones,57706,58
1622,2020-06-28,Misiones,59908,60
1623,2020-06-29,Misiones,62219,62
1624,2020-06-30,Misiones,64495,64
1625,2020-07-01,Misiones,67161,67
1626,2020-07-02,Misiones,69893,70
1627,2020-07-03,Misiones,72720,73
1628,2020-07-04,Misiones,75301,75
1629,2020-07-05,Misiones,77795,78
1630,2020-07-06,Misiones,80393,80
1631,2020-07-07,Misiones,83361,83
1632,2020-07-08,Misiones,86967,87
1633,2020-07-09,Misiones,90631,91
1634,2020-07-10,Misiones,94006,94
1635,2020-03-29,San Juan,815,1
1636,2020-04-11,San Juan,2124,2
1637,2020-05-07,San Juan,5371,5
1638,2020-05-18,San Juan,8367,8
1639,2020-05-19,San Juan,8803,9
1640,2020-05-20,San Juan,9283,9
1641,2020-05-21,San Juan,9926,10
1642,2020-05-22,San Juan,10642,11
1643,2020-05-23,San Juan,11349,11
1644,2020-05-24,San Juan,12074,12
1645,2020-05-25,San Juan,12626,13
1646,2020-05-26,San Juan,13225,13
1647,2020-05-27,San Juan,13931,14
1648,2020-05-28,San Juan,14701,15
1649,2020-05-29,San Juan,15419,15
1650,2020-05-30,San Juan,16210,16
1651,2020-05-31,San Juan,16850,17
1652,2020-06-01,San Juan,17408,17
1653,2020-06-02,San Juan,18315,18
1654,2020-06-03,San Juan,19265,19
1655,2020-06-04,San Juan,20192,20
1656,2020-06-05,San Juan,21036,21
1657,2020-06-06,San Juan,22018,22
1658,2020-06-07,San Juan,22793,23
1659,2020-06-08,San Juan,23620,24
1660,2020-06-09,San Juan,24760,25
1661,2020-06-10,San Juan,25983,26
1662,2020-06-10,San Juan,25985,26
1663,2020-06-11,San Juan,27372,27
1664,2020-06-11,San Juan,27372,27
1665,2020-06-12,San Juan,28764,29
1666,2020-06-12,San Juan,28764,29
1667,2020-06-13,San Juan,30291,30
1668,2020-06-13,San Juan,30294,30
1669,2020-06-14,San Juan,31570,32
1670,2020-06-14,San Juan,31571,32
1671,2020-06-15,San Juan,32785,33
1672,2020-06-15,San Juan,32785,33
1673,2020-06-16,San Juan,34156,34
1674,2020-06-16,San Juan,34156,34
1675,2020-06-17,San Juan,35548,36
1676,2020-06-17,San Juan,35549,36
1677,2020-06-18,San Juan,37498,37
1678,2020-06-18,San Juan,37498,37
1679,2020-06-19,San Juan,39559,40
1680,2020-06-19,San Juan,39559,40
1681,2020-06-20,San Juan,41198,41
1682,2020-06-20,San Juan,41198,41
1683,2020-06-21,San Juan,42768,43
1684,2020-06-21,San Juan,42768,43
1685,2020-06-22,San Juan,44924,45
1686,2020-06-22,San Juan,44925,45
1687,2020-06-23,San Juan,47187,47
1688,2020-06-23,San Juan,47187,47
1689,2020-06-24,San Juan,49834,50
1690,2020-06-24,San Juan,49837,50
1691,2020-06-25,San Juan,52435,52
1692,2020-06-25,San Juan,52435,52
1693,2020-06-26,San Juan,55330,55
1694,2020-06-26,San Juan,55330,55
1695,2020-06-27,San Juan,57736,58
1696,2020-06-27,San Juan,57738,58
1697,2020-06-28,San Juan,59926,60
1698,2020-06-28,San Juan,59926,60
1699,2020-06-29,San Juan,62261,62
1700,2020-06-29,San Juan,62264,62
1701,2020-06-30,San Juan,64528,65
1702,2020-06-30,San Juan,64529,65
1703,2020-07-01,San Juan,67186,67
1704,2020-07-01,San Juan,67188,67
1705,2020-07-02,San Juan,69939,70
1706,2020-07-02,San Juan,69939,70
1707,2020-07-03,San Juan,72771,73
1708,2020-07-03,San Juan,72779,73
1709,2020-07-04,San Juan,75349,75
1710,2020-07-05,San Juan,77807,78
1711,2020-07-06,San Juan,80437,80
1712,2020-07-07,San Juan,83416,83
1713,2020-07-08,San Juan,87007,87
1714,2020-07-09,San Juan,90673,91
1715,2020-07-10,San Juan,94048,94
1716,2020-03-29,La Rioja,819,1
1717,2020-03-31,La Rioja,1055,1
1718,2020-04-02,La Rioja,1221,1
1719,2020-04-04,La Rioja,1427,1
1720,2020-04-05,La Rioja,1525,2
1721,2020-04-06,La Rioja,1598,2
1722,2020-04-09,La Rioja,1890,2
1723,2020-04-11,La Rioja,2094,2
1724,2020-04-12,La Rioja,2185,2
1725,2020-04-13,La Rioja,2265,2
1726,2020-04-14,La Rioja,2415,2
1727,2020-04-15,La Rioja,2552,3
1728,2020-04-16,La Rioja,2645,3
1729,2020-04-17,La Rioja,2747,3
1730,2020-04-19,La Rioja,2923,3
1731,2020-04-20,La Rioja,3031,3
1732,2020-04-21,La Rioja,3131,3
1733,2020-04-22,La Rioja,3260,3
1734,2020-04-24,La Rioja,3590,4
1735,2020-04-25,La Rioja,3768,4
1736,2020-04-26,La Rioja,3885,4
1737,2020-04-28,La Rioja,4105,4
1738,2020-04-29,La Rioja,4270,4
1739,2020-05-01,La Rioja,4521,5
1740,2020-05-04,La Rioja,4875,5
1741,2020-05-06,La Rioja,5202,5
1742,2020-05-07,La Rioja,5367,5
1743,2020-05-08,La Rioja,5608,6
1744,2020-05-09,La Rioja,5770,6
1745,2020-05-10,La Rioja,6029,6
1746,2020-05-11,La Rioja,6263,6
1747,2020-05-12,La Rioja,6560,7
1748,2020-05-13,La Rioja,6873,7
1749,2020-05-14,La Rioja,7128,7
1750,2020-05-15,La Rioja,7461,7
1751,2020-05-16,La Rioja,7798,8
1752,2020-05-17,La Rioja,8066,8
1753,2020-05-18,La Rioja,8364,8
1754,2020-05-19,La Rioja,8795,9
1755,2020-05-20,La Rioja,9281,9
1756,2020-05-21,La Rioja,9923,10
1757,2020-05-22,La Rioja,10636,11
1758,2020-05-23,La Rioja,11344,11
1759,2020-05-24,La Rioja,12068,12
1760,2020-05-25,La Rioja,12621,13
1761,2020-05-26,La Rioja,13214,13
1762,2020-05-27,La Rioja,13920,14
1763,2020-05-28,La Rioja,14689,15
1764,2020-05-29,La Rioja,15405,15
1765,2020-05-30,La Rioja,16201,16
1766,2020-05-31,La Rioja,16842,17
1767,2020-06-01,La Rioja,17386,17
1768,2020-06-02,La Rioja,18309,18
1769,2020-06-03,La Rioja,19238,19
1770,2020-06-04,La Rioja,20182,20
1771,2020-06-05,La Rioja,21026,21
1772,2020-06-06,La Rioja,22001,22
1773,2020-06-07,La Rioja,22780,23
1774,2020-06-08,La Rioja,23608,24
1775,2020-06-09,La Rioja,24741,25
1776,2020-06-10,La Rioja,25961,26
1777,2020-06-11,La Rioja,27342,27
1778,2020-06-12,La Rioja,28740,29
1779,2020-06-13,La Rioja,30265,30
1780,2020-06-14,La Rioja,31548,32
1781,2020-06-15,La Rioja,32769,33
1782,2020-06-16,La Rioja,34108,34
1783,2020-06-17,La Rioja,35522,36
1784,2020-06-18,La Rioja,37452,37
1785,2020-06-19,La Rioja,39495,39
1786,2020-06-20,La Rioja,41165,41
1787,2020-06-21,La Rioja,42738,43
1788,2020-06-22,La Rioja,44901,45
1789,2020-06-23,La Rioja,47131,47
1790,2020-06-24,La Rioja,49790,50
1791,2020-06-25,La Rioja,52363,52
1792,2020-06-26,La Rioja,55283,55
1793,2020-06-27,La Rioja,57700,58
1794,2020-06-28,La Rioja,59902,60
1795,2020-06-29,La Rioja,62217,62
1796,2020-06-30,La Rioja,64491,64
1797,2020-07-01,La Rioja,67154,67
1798,2020-07-02,La Rioja,69891,70
1799,2020-07-03,La Rioja,72717,73
1800,2020-07-04,La Rioja,75297,75
1801,2020-07-05,La Rioja,77788,78
1802,2020-07-06,La Rioja,80387,80
1803,2020-07-07,La Rioja,83338,83
1804,2020-07-08,La Rioja,86945,87
1805,2020-07-09,La Rioja,90620,91
1806,2020-07-10,La Rioja,93994,94
1807,2020-04-15,Chubut,2543,3
1808,2020-04-16,Chubut,2628,3
1809,2020-04-19,Chubut,2908,3
1810,2020-05-01,Chubut,4503,5
1811,2020-05-02,Chubut,4679,5
1812,2020-05-03,Chubut,4780,5
1813,2020-05-26,Chubut,13214,13
1814,2020-05-27,Chubut,13918,14
1815,2020-05-28,Chubut,14687,15
1816,2020-05-29,Chubut,15401,15
1817,2020-05-30,Chubut,16200,16
1818,2020-05-31,Chubut,16839,17
1819,2020-06-01,Chubut,17380,17
1820,2020-06-02,Chubut,18304,18
1821,2020-06-03,Chubut,19235,19
1822,2020-06-04,Chubut,20180,20
1823,2020-06-05,Chubut,21020,21
1824,2020-06-06,Chubut,21992,22
1825,2020-06-07,Chubut,22777,23
1826,2020-06-08,Chubut,23605,24
1827,2020-06-09,Chubut,24734,25
1828,2020-06-10,Chubut,25952,26
1829,2020-06-11,Chubut,27330,27
1830,2020-06-12,Chubut,28726,29
1831,2020-06-13,Chubut,30230,30
1832,2020-06-14,Chubut,31518,32
1833,2020-06-15,Chubut,32764,33
1834,2020-06-16,Chubut,34094,34
1835,2020-06-17,Chubut,35508,36
1836,2020-06-18,Chubut,37429,37
1837,2020-06-19,Chubut,39466,39
1838,2020-06-20,Chubut,41123,41
1839,2020-06-21,Chubut,42715,43
1840,2020-06-22,Chubut,44872,45
1841,2020-06-23,Chubut,47081,47
1842,2020-06-24,Chubut,49730,50
1843,2020-06-25,Chubut,52337,52
1844,2020-06-26,Chubut,55203,55
1845,2020-06-27,Chubut,57668,58
1846,2020-06-28,Chubut,59873,60
1847,2020-06-29,Chubut,62188,62
1848,2020-06-30,Chubut,64464,64
1849,2020-07-01,Chubut,67111,67
1850,2020-07-02,Chubut,69851,70
1851,2020-07-03,Chubut,72675,73
1852,2020-07-04,Chubut,75260,75
1853,2020-07-05,Chubut,77760,78
1854,2020-07-06,Chubut,80319,80
1855,2020-07-07,Chubut,83246,83
1856,2020-07-08,Chubut,86857,87
1857,2020-07-09,Chubut,90519,91
1858,2020-07-10,Chubut,93914,94
1859,2020-06-12,Formosa,28740,29
1860,2020-06-13,Formosa,30265,30
1861,2020-06-14,Formosa,31547,32
1862,2020-06-15,Formosa,32769,33
1863,2020-06-16,Formosa,34108,34
1864,2020-06-17,Formosa,35521,36
1865,2020-06-18,Formosa,37449,37
1866,2020-06-19,Formosa,39494,39
1867,2020-06-20,Formosa,41165,41
1868,2020-06-21,Formosa,42738,43
1869,2020-06-22,Formosa,44899,45
1870,2020-06-23,Formosa,47127,47
1871,2020-06-24,Formosa,49756,50
1872,2020-06-25,Formosa,52360,52
1873,2020-06-26,Formosa,55255,55
1874,2020-06-27,Formosa,57696,58
1875,2020-06-28,Formosa,59902,60
1876,2020-06-29,Formosa,62197,62
1877,2020-06-30,Formosa,64481,64
1878,2020-07-01,Formosa,67136,67
1879,2020-07-02,Formosa,69874,70
1880,2020-07-03,Formosa,72694,73
1881,2020-07-04,Formosa,75278,75
1882,2020-07-05,Formosa,77781,78
1883,2020-07-06,Formosa,80353,80
1884,2020-07-07,Formosa,83305,83
1885,2020-07-08,Formosa,86893,87
1886,2020-07-09,Formosa,90567,91
1887,2020-07-10,Formosa,93965,94
1888,2020-07-03,Catamarca,72626,73
1889,2020-07-04,Catamarca,75207,75
1890,2020-07-05,Catamarca,77707,78
1891,2020-07-06,Catamarca,80287,80
1892,2020-07-07,Catamarca,83224,83
1893,2020-07-08,Catamarca,86785,87
1894,2020-07-09,Catamarca,90470,90
1895,2020-07-10,Catamarca,93860,94
